[{"name":"The Shawshank Redemption","outline":"Two imprisoned men bond over a number of years, finding solace and eventual redemption through acts of common decency.","rating":"9.3","director":"Frank Darabont","year":"1994","stars":["Tim Robbins","Morgan Freeman","Bob Gunton"],"runtime":"142","genre":["Crime","Drama"],"certificate":"R"},{"name":"The Godfather","outline":"The aging patriarch of an organized crime dynasty transfers control of his clandestine empire to his reluctant son.","rating":"9.2","director":"Francis Ford Coppola","year":"1972","stars":["Marlon Brando","Al Pacino","James Caan"],"runtime":"175","genre":["Crime","Drama"],"certificate":"R"},{"name":"The Godfather: Part II","outline":"The early life and career of Vito Corleone in 1920s New York is portrayed while his son, Michael, expands and tightens his grip on his crime syndicate stretching from Lake Tahoe, Nevada to pre-revolution 1958 Cuba.","rating":"9.1","director":"Francis Ford Coppola","year":"1974","stars":["Al Pacino","Robert De Niro","Robert Duvall"],"runtime":"200","genre":["Crime","Drama"],"certificate":"R"},{"name":"Pulp Fiction","outline":"The lives of two mob hit men, a boxer, a gangster's wife, and a pair of diner bandits intertwine in four tales of violence and redemption.","rating":"9.0","director":"Quentin Tarantino","year":"1994","stars":["John Travolta","Uma Thurman","Samuel L. Jackson"],"runtime":"154","genre":["Crime","Thriller"],"certificate":"R"},{"name":"The Good, the Bad and the Ugly","outline":"A bounty hunting scam joins two men in an uneasy alliance against a third in a race to find a fortune in gold buried in a remote cemetery.","rating":"9.0","director":"Sergio Leone","year":"1966","stars":["Clint Eastwood","Eli Wallach","Lee Van Cleef"],"runtime":"161","genre":["Adventure","Western"],"certificate":"TV_14"},{"name":"The Dark Knight","outline":"When Batman, Gordon and Harvey Dent launch an assault on the mob, they let the clown out of the box, the Joker, bent on turning Gotham on itself and bringing any heroes down to his level.","rating":"9.0","director":"Christopher Nolan","year":"2008","stars":["Christian Bale","Heath Ledger","Aaron Eckhart"],"runtime":"152","genre":["Action","Crime","Drama","Thriller"],"certificate":"PG_13"},{"name":"12 Angry Men","outline":"A dissenting juror in a murder trial slowly manages to convince the others that the case is not as obviously clear as it seemed in court.","rating":"8.9","director":"Sidney Lumet","year":"1957","stars":["Henry Fonda","Lee J. Cobb","Martin Balsam"],"runtime":"96","genre":["Drama"],"certificate":"APPROVED"},{"name":"Schindler's List","outline":"In Poland during World War II, Oskar Schindler gradually becomes concerned for his Jewish workforce after witnessing their persecution by the Nazis.","rating":"8.9","director":"Steven Spielberg","year":"1993","stars":["Liam Neeson","Ralph Fiennes","Ben Kingsley"],"runtime":"195","genre":["Biography","Drama","History","War"],"certificate":"R"},{"name":"The Lord of the Rings: The Return of the King","outline":"Gandalf and Aragorn lead the World of Men against Sauron's army to draw his gaze from Frodo and Sam as they approach Mount Doom with the One Ring.","rating":"8.9","director":"Peter Jackson","year":"2003","stars":["Elijah Wood","Viggo Mortensen","Ian McKellen"],"runtime":"201","genre":["Action","Adventure","Fantasy"],"certificate":"PG_13"},{"name":"Fight Club","outline":"An insomniac office worker looking for a way to change his life crosses paths with a devil-may-care soap maker and they form an underground fight club that evolves into something much, much more...","rating":"8.9","director":"David Fincher","year":"1999","stars":["Brad Pitt","Edward Norton","Helena Bonham Carter"],"runtime":"139","genre":["Drama"],"certificate":"R"},{"name":"Star Wars: Episode V - The Empire Strikes Back","outline":"As Luke trains with Master Yoda to become a Jedi Knight, his friends evade the Imperial fleet under the command of Darth Vader who is obsessed with turning Skywalker to the Dark Side of the Force.","rating":"8.8","director":"Irvin Kershner","year":"1980","stars":["Mark Hamill","Harrison Ford","Carrie Fisher"],"runtime":"124","genre":["Action","Adventure","Sci-Fi"],"certificate":"PG"},{"name":"The Lord of the Rings: The Fellowship of the Ring","outline":"A meek hobbit of The Shire and eight companions set out on a journey to Mount Doom to destroy the One Ring and the dark lord Sauron.","rating":"8.8","director":"Peter Jackson","year":"2001","stars":["Elijah Wood","Ian McKellen","Orlando Bloom"],"runtime":"178","genre":["Action","Adventure","Fantasy"],"certificate":"PG_13"},{"name":"Inception","outline":"A skilled extractor is offered a chance to regain his old life as payment for a task considered to be impossible.","rating":"8.8","director":"Christopher Nolan","year":"2010","stars":["Leonardo DiCaprio","Joseph Gordon-Levitt","Ellen Page"],"runtime":"148","genre":["Action","Adventure","Mystery","Sci-Fi","Thriller"],"certificate":"PG_13"},{"name":"One Flew Over the Cuckoo's Nest","outline":"Upon admittance to a mental institution, a brash rebel rallies the patients to take on the oppressive head nurse, a woman he views as more dictator than nurse.","rating":"8.8","director":"Milos Forman","year":"1975","stars":["Jack Nicholson","Louise Fletcher","Michael Berryman"],"runtime":"133","genre":["Drama"],"certificate":"R"},{"name":"Seven Samurai","outline":"A poor village under attack by bandits recruits seven unemployed samurai to help them defend themselves.","rating":"8.8","director":"Akira Kurosawa","year":"1954","stars":["Toshirô Mifune","Takashi Shimura","Keiko Tsushima"],"runtime":"207","genre":["Action","Drama"],"certificate":"UNRATED"},{"name":"Goodfellas","outline":"Henry Hill and his friends work their way up through the mob hierarchy.","rating":"8.8","director":"Martin Scorsese","year":"1990","stars":["Robert De Niro","Ray Liotta","Joe Pesci"],"runtime":"146","genre":["Biography","Crime","Drama","Thriller"],"certificate":"R"},{"name":"Star Wars","outline":"Luke Skywalker, a spirited farm boy, joins rebel forces to save Princess Leia from the evil Darth Vader, and the galaxy from the Empire's planet-destroying Death Star.","rating":"8.8","director":"George Lucas","year":"1977","stars":["Mark Hamill","Harrison Ford","Carrie Fisher"],"runtime":"121","genre":["Action","Adventure","Fantasy","Sci-Fi"],"certificate":"PG"},{"name":"Forrest Gump","outline":"Forrest Gump, while not intelligent, has accidentally been present at many historic moments, but his true love, Jenny Curran, eludes him.","rating":"8.7","director":"Robert Zemeckis","year":"1994","stars":["Tom Hanks","Robin Wright","Gary Sinise"],"runtime":"142","genre":["Drama","Romance"],"certificate":"PG_13"},{"name":"The Lord of the Rings: The Two Towers","outline":"While Frodo and Sam edge closer to Mordor with the help of the shifty Gollum, the divided fellowship makes a stand against Sauron's new ally, Saruman, and his hordes of Isengard.","rating":"8.7","director":"Peter Jackson","year":"2002","stars":["Elijah Wood","Ian McKellen","Viggo Mortensen"],"runtime":"179","genre":["Action","Adventure","Fantasy"],"certificate":"PG_13"},{"name":"The Matrix","outline":"A computer hacker learns from mysterious rebels about the true nature of his reality and his role in the war against its controllers.","rating":"8.7","director":"Andy Wachowski","year":"1999","stars":["Lana Wachowski","Keanu Reeves","Laurence Fishburne","Carrie-Anne Moss"],"runtime":"136","genre":["Action","Adventure","Sci-Fi"],"certificate":"R"},{"name":"City of God","outline":"Two boys growing up in a violent neighborhood of Rio de Janeiro take different paths: one becomes a photographer, the other a drug dealer.","rating":"8.7","director":"Fernando Meirelles","year":"2002","stars":["Kátia Lund","Alexandre Rodrigues","Matheus Nachtergaele","Leandro Firmino"],"runtime":"130","genre":["Crime","Drama"],"certificate":"R"},{"name":"Once Upon a Time in the West","outline":"Epic story of a mysterious stranger with a harmonica who joins forces with a notorious desperado to protect a beautiful widow from a ruthless assassin working for the railroad.","rating":"8.7","director":"Sergio Leone","year":"1968","stars":["Henry Fonda","Charles Bronson","Claudia Cardinale"],"runtime":"175","genre":["Adventure","Western"],"certificate":"United States-M"},{"name":"Casablanca","outline":"Set in unoccupied Africa during the early days of World War II: An American expatriate meets a former lover, with unforeseen complications.","rating":"8.7","director":"Michael Curtiz","year":"1942","stars":["Humphrey Bogart","Ingrid Bergman","Paul Henreid"],"runtime":"102","genre":["Drama","Romance","War"],"certificate":"APPROVED"},{"name":"The Usual Suspects","outline":"A boat has been destroyed, criminals are dead, and the key to this mystery lies with the only survivor and his twisted, convoluted story beginning with five career crooks in a seemingly random police lineup.","rating":"8.7","director":"Bryan Singer","year":"1995","stars":["Kevin Spacey","Gabriel Byrne","Chazz Palminteri"],"runtime":"106","genre":["Crime","Mystery","Thriller"],"certificate":"R"},{"name":"Se7en","outline":"Two detectives, a rookie and a veteran, hunt a serial killer who uses the seven deadly sins as his modus operandi.","rating":"8.7","director":"David Fincher","year":"1995","stars":["Morgan Freeman","Brad Pitt","Kevin Spacey"],"runtime":"127","genre":["Crime","Mystery","Thriller"],"certificate":"R"},{"name":"The Silence of the Lambs","outline":"A young FBI cadet must confide in an incarcerated and manipulative killer to receive his help on catching another serial killer who skins his victims.","rating":"8.7","director":"Jonathan Demme","year":"1991","stars":["Jodie Foster","Anthony Hopkins","Lawrence A. Bonney"],"runtime":"118","genre":["Crime","Drama","Thriller"],"certificate":"R"},{"name":"It's a Wonderful Life","outline":"An angel helps a compassionate but despairingly frustrated businessman by showing what life would have been like if he never existed.","rating":"8.7","director":"Frank Capra","year":"1946","stars":["James Stewart","Donna Reed","Lionel Barrymore"],"runtime":"130","genre":["Drama","Family","Fantasy"],"certificate":"APPROVED"},{"name":"Rear Window","outline":"A wheelchair bound photographer spies on his neighbours from his apartment window and becomes convinced one of them has committed murder.","rating":"8.7","director":"Alfred Hitchcock","year":"1954","stars":["James Stewart","Grace Kelly","Wendell Corey"],"runtime":"112","genre":["Mystery","Thriller"],"certificate":"APPROVED"},{"name":"Raiders of the Lost Ark","outline":"Archeologist and adventurer Indiana Jones is hired by the US government to find the Ark of the Covenant before the Nazis.","rating":"8.7","director":"Steven Spielberg","year":"1981","stars":["Harrison Ford","Karen Allen","Paul Freeman"],"runtime":"115","genre":["Action","Adventure"],"certificate":"PG"},{"name":"Léon: The Professional","outline":"A professional assassin rescues a teenage girl whose parents were killed in a police raid.","rating":"8.6","director":"Luc Besson","year":"1994","stars":["Jean Reno","Gary Oldman","Natalie Portman"],"runtime":"110","genre":["Crime","Drama","Thriller"],"certificate":"UNRATED"},{"name":"Psycho","outline":"A thirty-something secretary steals $40,000 from her employer's client, and subsequently encounters a young motel proprietor too long under the domination of his mother.","rating":"8.6","director":"Alfred Hitchcock","year":"1960","stars":["Anthony Perkins","Janet Leigh","Vera Miles"],"runtime":"109","genre":["Horror","Mystery","Thriller"],"certificate":"TV_14"},{"name":"The Dark Knight Rises","outline":"Eight years on, a new evil rises from where the Batman and Commissioner Gordon tried to bury it, causing the Batman to resurface and fight to protect Gotham City... the very city which brands him an enemy.","rating":"8.6","director":"Christopher Nolan","year":"2012","stars":["Christian Bale","Tom Hardy","Anne Hathaway"],"runtime":"165","genre":["Action","Crime","Thriller"],"certificate":"PG_13"},{"name":"Sunset Blvd.","outline":"A hack screenwriter writes a screenplay for a former silent-film star who has faded into Hollywood obscurity.","rating":"8.6","director":"Billy Wilder","year":"1950","stars":["William Holden","Gloria Swanson","Erich von Stroheim"],"runtime":"110","genre":["Drama","Film-Noir"],"certificate":"APPROVED"},{"name":"City Lights","outline":"The Tramp struggles to help a blind flower girl he has fallen in love with.","rating":"8.6","director":"Charles Chaplin","year":"1931","stars":["Charles Chaplin","Virginia Cherrill","Florence Lee"],"runtime":"87","genre":["Comedy","Drama","Romance"],"certificate":"United States-PASSED"},{"name":"American History X","outline":"A former neo-nazi skinhead tries to prevent his younger brother from going down the same wrong path that he did.","rating":"8.6","director":"Tony Kaye","year":"1998","stars":["Edward Norton","Edward Furlong","Beverly D'Angelo"],"runtime":"119","genre":["Crime","Drama"],"certificate":"R"},{"name":"Django Unchained","outline":"With the help of a German bounty hunter, a freed slave sets out to rescue his wife from a brutal Mississippi plantation owner.","rating":"8.6","director":"Quentin Tarantino","year":"2012","stars":["Jamie Foxx","Christoph Waltz","Leonardo DiCaprio"],"runtime":"165","genre":["Adventure","Crime","Drama","Western"],"certificate":"R"},{"name":"Memento","outline":"A man, suffering from short-term memory loss, uses notes and tattoos to hunt for the man he thinks killed his wife.","rating":"8.6","director":"Christopher Nolan","year":"2000","stars":["Guy Pearce","Carrie-Anne Moss","Joe Pantoliano"],"runtime":"113","genre":["Mystery","Thriller"],"certificate":"R"},{"name":"Apocalypse Now","outline":"During the U.S.-Viet Nam War, Captain Willard is sent on a dangerous mission into Cambodia to assassinate a renegade colonel who has set himself up as a god among a local tribe.","rating":"8.6","director":"Francis Ford Coppola","year":"1979","stars":["Martin Sheen","Marlon Brando","Robert Duvall"],"runtime":"153","genre":["Drama","War"],"certificate":"R"},{"name":"Dr. Strangelove or: How I Learned to Stop Worrying and Love the Bomb","outline":"An insane general starts a process to nuclear holocaust that a war room of politicians and generals frantically try to stop.","rating":"8.6","director":"Stanley Kubrick","year":"1964","stars":["Peter Sellers","George C. Scott","Sterling Hayden"],"runtime":"95","genre":["Comedy","War"],"certificate":"APPROVED"},{"name":"Spirited Away","outline":"In the middle of her family's move to the suburbs, a sullen 10-year-old girl wanders into a world ruled by gods, witches, and monsters; where humans are changed into animals; and a bathhouse for these creatures.","rating":"8.6","director":"Hayao Miyazaki","year":"2001","stars":["Daveigh Chase","Suzanne Pleshette","Miyu Irino"],"runtime":"125","genre":["Animation","Adventure","Family","Fantasy"],"certificate":"PG"},{"name":"Terminator 2: Judgment Day","outline":"The cyborg who once tried to kill Sarah Connor is dead, and another T-101 must now protect her teenage son, John Connor, from an even more powerful and advanced Terminator, the T-1000.","rating":"8.6","director":"James Cameron","year":"1991","stars":["Arnold Schwarzenegger","Linda Hamilton","Edward Furlong"],"runtime":"137","genre":["Action","Sci-Fi","Thriller"],"certificate":"R"},{"name":"Saving Private Ryan","outline":"Following the Normandy Landings, a group of U.S. soldiers go behind enemy lines to retrieve a paratrooper whose brothers have been killed in action.","rating":"8.6","director":"Steven Spielberg","year":"1998","stars":["Tom Hanks","Matt Damon","Tom Sizemore"],"runtime":"169","genre":["Action","Drama","War"],"certificate":"R"},{"name":"Modern Times","outline":"The Tramp struggles to live in modern industrial society with the help of a young homeless woman.","rating":"8.6","director":"Charles Chaplin","year":"1936","stars":["Charles Chaplin","Paulette Goddard","Henry Bergman"],"runtime":"87","genre":["Comedy","Drama"],"certificate":"APPROVED"},{"name":"The Intouchables","outline":"After he becomes a quadriplegic from a paragliding accident, an aristocrat hires a young man from the projects to be his caretaker.","rating":"8.5","director":"Olivier Nakache","year":"2011","stars":["Eric Toledano","François Cluzet","Omar Sy","Anne Le Ny"],"runtime":"112","genre":["Biography","Comedy","Drama"],"certificate":"R"},{"name":"North by Northwest","outline":"A hapless New York advertising executive is mistaken for a government agent by a group of foreign spies, and is pursued across the country while he looks for a way to survive.","rating":"8.5","director":"Alfred Hitchcock","year":"1959","stars":["Cary Grant","Eva Marie Saint","James Mason"],"runtime":"136","genre":["Action","Adventure","Mystery","Thriller"],"certificate":"APPROVED"},{"name":"Alien","outline":"The crew of a commercial deep space mining ship, investigating a suspected S.O.S., lands on a distant planet and discovers a nest of strange eggs.","rating":"8.5","director":"Ridley Scott","year":"1979","stars":["Sigourney Weaver","Tom Skerritt","John Hurt"],"runtime":"117","genre":["Horror","Sci-Fi"],"certificate":"TV_14"},{"name":"M","outline":"When the police in a German city are unable to catch a child-murderer, other criminals join in the manhunt.","rating":"8.5","director":"Fritz Lang","year":"1931","stars":["Peter Lorre","Ellen Widmann","Inge Landgut"],"runtime":"117","genre":["Crime","Drama","Film-Noir","Thriller"],"certificate":"TV_14"},{"name":"Life Is Beautiful","outline":"A Jewish man has a wonderful romance with the help of his humour, but must use that same quality to protect his son in a Nazi death camp.","rating":"8.5","director":"Roberto Benigni","year":"1997","stars":["Rod Dean","Roberto Benigni","Nicoletta Braschi","Giorgio Cantarini"],"runtime":"116","genre":["Comedy","Drama","Romance","War"],"certificate":"PG_13"},{"name":"Paths of Glory","outline":"When soldiers in WW1 refuse to continue with an impossible attack, their superiors decide to make an example of them.","rating":"8.5","director":"Stanley Kubrick","year":"1957","stars":["Kirk Douglas","Ralph Meeker","Adolphe Menjou"],"runtime":"88","genre":["Drama","War"],"certificate":"TV_14"},{"name":"Citizen Kane","outline":"Following the death of a publishing tycoon, news reporters scramble to discover the meaning of his final utterance.","rating":"8.5","director":"Orson Welles","year":"1941","stars":["Orson Welles","Joseph Cotten","Dorothy Comingore"],"runtime":"119","genre":["Drama","Mystery"],"certificate":"APPROVED"}]
